Shavin , Hello World , 2022-03-15 08:57:45
Jamith , Hello Jamith , 2022-03-15 08:58:44
Nimesh , I want to call a function in one PHP file from a second PHP file , 2022-03-15 09:05:34
Gayan , I have a radio site and there is a module called , 2022-03-15 09:10:37
Supun , Hello Gayan , 2022-03-15 09:26:51
Supun , Hello Gayan , 2022-03-15 09:27:01
Supun , Hello Gayan , 2022-03-15 09:27:10
Supun , Hello Gayan , 2022-03-15 09:43:43
Shavin , Hello World , 2022-03-15 08:57:45
Jamith , Hello Jamith , 2022-03-15 08:58:440
jamith sheron , dfgzdsdvdvedvdfvdfgdsgdfg , 2022-03-15 09:03:26
